Category,Food or category (serving),Number of sources,Mean Ni (ug/serving),Stddev (ug/serving),Min Ni (ug/serving),Max Ni (ug/serving)
Dairy products and substitutes,"Whipped cream,15 g",5,0.05,0.03,0.02,0.08
Dairy products and substitutes,"Cream substitute (soy),15 g",1,0.08,0,0.08,0.08
Dairy products and substitutes,"Cheese substitutes (coconut oil),30 g",4,0.23,0.22,0.04,0.59
Dairy products and substitutes,"Sour cream,24 g",51,0.37,0.12,0,0.91
Dairy products and substitutes,"Cream,15 g",113,0.29,0.3,0.02,2.06
Dairy products and substitutes,"Cream cheese,30 g",67,0.51,0.27,0.18,1.71
Dairy products and substitutes,"Cream (non-dairy),15 g",51,0.43,0.58,0.09,3.47
Dairy products and substitutes,"Evaporated milk,15 g",15,0.61,0.6,0.03,2.25
Dairy products and substitutes,"Cheeses,30 g",358,0.98,1.42,0.09,10.8
Dairy products and substitutes,"Quark,100 g",20,1.56,0.74,0.46,2.7
Dairy products and substitutes,"CrŹme fra”che,55 g",9,1.25,1.77,0.21,6
Dairy products and substitutes,"Cream substitute (oat),15 g",3,1.69,1.17,0.04,2.57
Dairy products and substitutes,"Yogurt drink,188 g",17,2.19,1.89,0.43,6.96
Dairy products and substitutes,"Processed cheese,30 g",82,2.25,2.1,0.45,12.27
Dairy products and substitutes,"Cultured milk,188 g",17,2.64,1.43,0.72,4.32
Dairy products and substitutes,"Cottage cheese,125 g",77,2.39,1.97,0.39,12.25
Dairy products and substitutes,"Milk,250 g",352,3.06,2.83,0.09,21.5
Dairy products and substitutes,"Yogurt,175 g",139,4.01,3.83,0.01,29.75
Dairy products and substitutes,"Milk powder,25 g",9,4.74,8.98,0.31,29.75
Dairy products and substitutes,"Buttermilk,250 g",14,6.05,7.63,0.37,31.25
Dairy products and substitutes,"Cheese substitutes (oat),30 g",1,8.55,0,8.55,8.55
Dairy products and substitutes,"Yogurt drink substitute (coconut),188 g",19,9.21,4.21,0.26,22.39
Dairy products and substitutes,"Almond beverage,250 g",11,10.93,8.24,2.5,28.25
Dairy products and substitutes,"Paneer/khoa/halloumi,80 g",5,10.94,9.38,5.36,29.6
Dairy products and substitutes,"Rice beverage,250 g",15,13.8,15.42,1.5,65.75
Dairy products and substitutes,"Cheese substitutes (soy),30 g",1,17.73,0,17.73,17.73
Dairy products and substitutes,"Yogurt substitute (coconut),175 g",28,18.87,26,0.14,122.58
Dairy products and substitutes,"Peanut beverage,250 g",1,23.23,0,23.23,23.23
Dairy products and substitutes,"Coconut beverage,250 g",8,24.91,35.01,0.23,102.5
Dairy products and substitutes,"Oat beverage,250 g",10,35.45,14.76,13.15,61
Dairy products and substitutes,"Yogurt substitute (oat),175 g",1,36.23,0,36.23,36.23
Dairy products and substitutes,"Soy beverage,250 g",43,48.51,30.78,3.2,130
Dairy products and substitutes,"Cashew beverage,250 g",7,69.93,37.93,18.58,109.25
Dairy products and substitutes,"Yogurt substitute (soy),175 g",8,107.95,47.6,31.5,215.25
Grain products and bakery,"Yogurt substitute (soy),175 g",1,0.12,0,0.12,0.12
Grain products and bakery,"Pasta, bean-based, cooked, 215 g*",2,0.12,0,0.12,0.12
Grain products and bakery,"Rice paper, 15 g*",1,0.22,0,0.22,0.22
Grain products and bakery,"Pastry doughs, 21 g",13,1.07,0.52,0.42,1.81
Grain products and bakery,"Yeast dough, 55 g",5,1.93,1.21,1.17,4.35
Grain products and bakery,"Crackers, butter-type, 30 g",51,2.11,0.85,0.3,4.2
Grain products and bakery,"Crackers, saltine or cream, 30 g",51,2.31,0.58,0.24,3.36
Grain products and bakery,"Baguette, 75 g",2,2.67,0.04,2.63,2.72
Grain products and bakery,"Soft pretzel, 55 g",5,2.64,0.81,1.87,4.02
Grain products and bakery,"Hot cereal, rye, cooked, 194 g",10,3.82,0.32,3.49,4.58
Grain products and bakery,"Bread, barley, 75 g",3,4.2,0.33,3.79,4.58
Grain products and bakery,"Breadcrumbs, 30 g",4,3.77,1.45,1.87,5.7
Grain products and bakery,"Rusk, plain or fruited, 30 g",7,3.69,1.65,1.59,6
Grain products and bakery,"Cold cereal, corn, 30 g",75,3.41,2.22,0.01,12.6
Grain products and bakery,"Crackers, 30 g",30,3.36,3.06,0.96,14.1
Grain products and bakery,"Hot cereal, rye, dry, 40 g*",1,4,0,4,4
Grain products and bakery,"English muffin, 55 g",75,4.87,1.25,2.31,8.25
Grain products and bakery,"Crackers, seeded, 30 g",2,4.63,2.27,2.36,6.9
Grain products and bakery,"Glass noodles, cooked, 215 g",2,3.93,3.81,0.12,7.74
Grain products and bakery,"Simple pastries, 55 g",9,4.59,2.56,1.1,7.32
Grain products and bakery,"Hot cereal, wheat, cooked, 194 g",88,4.69,2.92,1.03,13.77
Grain products and bakery,"Rolls and biscuits, 55 g",137,4.99,2.47,1.1,15.68
Grain products and bakery,"Cold cereal, rice, 30 g",55,5.38,2.36,0.14,14.4
Grain products and bakery,"Pasta, rice or corn, cooked, 215 g",7,4.76,4.54,0.12,14.77
Grain products and bakery,"Cold cereal, wheat bran with raisins, 30 g",50,6.07,1.97,3.03,11.43
Grain products and bakery,"Cold cereal, wheat bran, 30 g",72,5.27,3.77,1.68,22.08
Grain products and bakery,"Bread, white, 75 g",130,6.27,2.66,1.5,15.9
Grain products and bakery,"Bagel, 85 g",76,6.81,1.62,4.08,13.6
Grain products and bakery,"Crispbread, 30 g",17,6.12,4.07,1.99,15.81
Grain products and bakery,"Flatbread, 55 g",110,6.53,3.28,1.45,15.4
Grain products and bakery,"Bread, rye, 75 g",110,7.27,3.53,1.84,17.18
Grain products and bakery,"Hot cereal, corn, cooked, 194 g",52,7.34,3.44,1.55,16.68
Grain products and bakery,"Pasta, white wheat, cooked, 215 g",144,7.12,4.5,0.14,27.95
Grain products and bakery,"Rolls, seeded, 55 g",6,7.08,4.95,2.06,15.13
Grain products and bakery,"Hot cereal, wheat, dry, 40 g",2,7.44,4.56,2.88,12
Grain products and bakery,"Rice cakes, 15 g",10,7.86,4.43,3.45,18.6
Grain products and bakery,"Hot cereal, barley, cooked, 140 g",19,7.19,7.58,3.08,26.04
Grain products and bakery,"Blood bread, 75 g*",1,9.75,0,9.75,9.75
Grain products and bakery,"Hot cereal, rice, dry, 40 g",3,9.87,5.49,4,17.2
Grain products and bakery,"Pasta, white wheat, dry, 85 g",13,9.35,6.91,1.02,30.09
Grain products and bakery,"Cold cereals, junk food, 30 g",52,12.26,4.43,2.7,22.65
Grain products and bakery,"Bread, whole wheat, 75 g",142,13.54,4.41,1.16,30.75
Grain products and bakery,"Pasta, whole wheat, cooked, 215 g",8,11.77,8.86,0.15,24.96
Grain products and bakery,"Hot cereal, rice, cooked, 194 g",18,13.72,5.52,2.29,17.75
Grain products and bakery,"Pasta, rice or corn, dry, 85 g*",1,12.33,0,12.33,12.33
Grain products and bakery,"Potato dumpling/gnocchi, cooked, 215 g",2,13.43,7.41,6.02,20.83
Grain products and bakery,"Pasta, whole wheat, dry, 85 g",4,15.87,8.95,3.15,25.5
Grain products and bakery,"Bread, gluten-free, 75 g",5,15.38,11.65,0.72,30.75
Grain products and bakery,"Bread, fruited, 75 g",8,16.57,10.21,5.03,37.95
Grain products and bakery,"Rolls, multigrain, 55 g",3,16.69,10.76,3.81,30.14
Grain products and bakery,"Bread, multigrain, 75 g",38,18.25,15.86,2.46,101.25
Grain products and bakery,"Bread, seeded, 75 g",50,29.13,17.29,4.66,75.75
Grain products and bakery,"Cold cereal, other grains, 30 g",7,24.95,32.66,1.94,100.8
Grain products and bakery,"Bread, spelt, 75 g",4,32.72,8.91,25.5,47.63
Grain products and bakery,"Bread, oat, 75 g",7,31.43,12.66,9.53,45.9
Grain products and bakery,"Hot cereal, multigrain, cooked, 194 g",17,31.39,23.95,12.34,116.4
Grain products and bakery,"Cold cereal, granola/muesli, 55 g",73,50.9,17.52,9.35,126.5
Grain products and bakery,"Cold cereal, oat ring, 30 g",55,64.62,20.24,13.89,112.41
Grain products and bakery,"Hot cereal, oat, cooked, 194 g",83,78.07,27.36,12.22,189.54
Grain products and bakery,"Hot cereal, millet, cooked, 194 g",9,90.75,9.12,77.6,97.39
Grain products and bakery,"Crackers, buckwheat, 30 g*",1,124.2,0,124.2,124.2
Grain products and bakery,"Hot cereal, buckwheat, cooked, 140 g",12,150.54,43.22,31.22,211.4
Grain products and bakery,"Pasta, bean-based, dry, 85 g*",1,202.3,0,202.3,202.3
Grain products and bakery,"Pasta, buckwheat, dry, 85 g*",1,332.35,0,332.35,332.35
Grain products and bakery,"Pasta, buckwheat, cooked, 215 g*",1,395.6,0,395.6,395.6
"Whole grains, flours and starches","Rye grains, sprouted, 140 g*",1,0.06,0,0.06,0.06
"Whole grains, flours and starches","Rice, red, cooked, 140 g*",1,0.08,0,0.08,0.08
"Whole grains, flours and starches","Rice, wild, cooked, 140 g*",1,0.08,0,0.08,0.08
"Whole grains, flours and starches","Starch, wheat, 10 g*",1,0.37,0,0.37,0.37
"Whole grains, flours and starches","Starch, potato, 10 g*",2,0.4,0,0.4,0.4
"Whole grains, flours and starches","Flour, potato, 30 g*",1,0.9,0,0.9,0.9
"Whole grains, flours and starches","Starch, rice, 10 g*",1,1.1,0,1.1,1.1
"Whole grains, flours and starches","Semolina, 45 g",5,2.24,0.75,1.67,3.6
"Whole grains, flours and starches","Flour, white, 30 g",47,1.96,1.44,0.6,7.5
"Whole grains, flours and starches","Starch, corn, 10 g*",1,1.5,0,1.5,1.5
"Whole grains, flours and starches","Flour, rye, 30 g",17,2.76,1.02,1.32,4.56
"Whole grains, flours and starches","Wheat gluten, 15 g*",1,1.88,0,1.88,1.88
"Whole grains, flours and starches","Rye kernels, whole/cracked, 45 g",3,3.5,1.17,2.34,5.1
"Whole grains, flours and starches","Flour, rye, whole, 30 g",4,3.5,1.81,2.04,6.48
"Whole grains, flours and starches","Flour, barley, 30 g*",2,3,0,3,3
"Whole grains, flours and starches","Flour, spelt, 30 g*",1,4.01,0,4.01,4.01
"Whole grains, flours and starches","Starch, cassava, 10 g*",1,4.7,0,4.7,4.7
"Whole grains, flours and starches","Flour, whole wheat, 30 g",8,7.53,3.37,2.91,12
"Whole grains, flours and starches","Rice, white, cooked, 140 g",101,7.04,4.44,1.12,23.8
"Whole grains, flours and starches","Flour, spelt, whole, 30 g",2,8.19,3.69,4.5,11.88
"Whole grains, flours and starches","Rice, black, raw, 45 g",2,7.88,4.73,3.15,12.6
"Whole grains, flours and starches","Wheat bran, 15 g",12,9.88,5.14,3,21
"Whole grains, flours and starches","Wheat kernels/bulgur, 45 g",20,9.38,7.84,1.71,36.9
"Whole grains, flours and starches","Wheat germ, 15 g",6,10.73,2.24,7.5,13.8
"Whole grains, flours and starches","Spelt, raw, 45 g",3,11.67,1.87,10.35,14.32
"Whole grains, flours and starches","Rice, white, raw, 45 g",25,11.64,4.23,1.76,18.9
"Whole grains, flours and starches","Flour, cassava, 30 g",3,10.89,5.77,3.87,18
"Whole grains, flours and starches","Rice, brown, cooked, 140 g",36,11.41,5.67,1.25,25.2
"Whole grains, flours and starches","Quinoa, cooked, 140 g",5,10.46,8.96,0.1,22.4
"Whole grains, flours and starches","Rice, brown, raw, 45 g",11,13.4,3.45,8.1,17.1
"Whole grains, flours and starches","Wheat kernels/bulgur, cooked, 140 g*",1,14,0,14,14
"Whole grains, flours and starches","Barley, raw, 45 g",6,13.05,8.06,4.5,23.85
"Whole grains, flours and starches","Cornmeal, 30 g",4,14.4,9.87,8.7,31.5
"Whole grains, flours and starches","Flour, teff, 30 g",2,18.45,2.25,16.2,20.7
"Whole grains, flours and starches","Oat bran, 15 g*",2,18,0,18,18
"Whole grains, flours and starches","Flour, rice, 30 g",7,16.46,12.99,3.21,38.16
"Whole grains, flours and starches","Flour, almond, 15 g",10,27.69,3.89,19.5,33.9
"Whole grains, flours and starches","Flour, sea buckthorn, 15 g*",1,21,0,21,21
"Whole grains, flours and starches","Flour, coconut, 15 g*",1,22.5,0,22.5,22.5
"Whole grains, flours and starches","Pumpkin seed flour, 15 g*",1,24,0,24,24
"Whole grains, flours and starches","Sorghum, cooked, 140 g*",1,24.22,0,24.22,24.22
"Whole grains, flours and starches","Sorghum, dry, 45 g*",2,26.55,0,26.55,26.55
"Whole grains, flours and starches","Flour, chickpea, 15 g",3,31.68,21.77,13.28,62.25
"Whole grains, flours and starches","Amaranth, raw, 45 g",5,33.7,26.58,7.38,72
"Whole grains, flours and starches","Quinoa, raw, 45 g",8,35.26,31.03,1.8,108
"Whole grains, flours and starches","Flour, millet, 30 g*",1,36,0,36,36
"Whole grains, flours and starches","Millet, raw, 40 g",8,47.9,21.16,22.4,80
"Whole grains, flours and starches","Flour, buckwheat, 30 g",5,46.83,40.19,17.7,126
"Whole grains, flours and starches","Oats, raw, 40 g",13,53.62,27.93,12.4,120
"Whole grains, flours and starches","Flour, oat, 30 g*",2,50.4,0,50.4,50.4
"Whole grains, flours and starches","Flour, soy, 15 g",7,64.75,28.47,42,126.54
"Whole grains, flours and starches","Buckwheat, raw, 45 g",11,99.26,71.71,10.04,243
"Whole grains, flours and starches","Rice, wild, raw, 45 g*",1,148.5,0,148.5,148.5
"Whole grains, flours and starches","Flour, hemp, 15 g",2,146.24,94.59,51.65,240.83
"Whole grains, flours and starches","Amaranth, black, raw, 45 g*",1,155.25,0,155.25,155.25
"Whole grains, flours and starches","Flour, pea, 15 g",3,190.4,227.28,6.6,510.66
Fruits - Berries,"Elderberries, 80 g",3,3.91,0.12,3.82,4.08
Fruits - Berries,"Mulberry, 80 g*",1,3.84,0,3.84,3.84
Fruits - Berries,"Pomegranate, 80 g*",2,4,0,4,4
Fruits - Berries,"Cranberries, 55 g",6,4.4,2.66,2.75,9.9
Fruits - Berries,"Gooseberries, 80 g",5,4.44,2.91,2,8
Fruits - Berries,"Blueberries, 80 g",58,5.65,3.19,1.6,19.04
Fruits - Berries,"Lingonberries, 80 g",16,5.04,6.07,1.76,28
Fruits - Berries,"Currants, 80 g",23,6.61,2.93,0.8,13.6
Fruits - Berries,"Strawberries, 140 g",117,6.63,4.82,0.7,35.28
Fruits - Berries,"Rowanberries, 80 g*",3,8,0,8,8
Fruits - Berries,"Currants, canned, 80 g*",1,10.4,0,10.4,10.4
Fruits - Berries,"Cloudberries, 80 g",3,15.47,0.75,14.4,16
Fruits - Berries,"Blackberries, 80 g",3,19.73,2.64,16,21.6
Fruits - Berries,"Raspberries, 80 g",31,20.27,17.57,0.64,72
Fruits - Berries,"Rosehips, 80 g*",2,32,0,32,32
Fruits - Berries,"Strawberries, canned, 140 g*",1,34.02,0,34.02,34.02
Fruits - Berries,"Goji berries, 80 g*",1,48,0,48,48
Fruits - Citrus,"Grapefruit, 140 g",84,4.11,4.3,0.7,28
Fruits - Citrus,"Lemon / Lime, 55 g",15,4.59,3.32,0.55,12.1
Fruits - Citrus,"Citrus fruits, unspecified, 140 g",22,6.09,2.97,2.06,13.44
Fruits - Citrus,"Orange, 140 g",92,5.75,5.16,1.12,30.8
Fruits - Citrus,"Pomelo, 140 g",3,6.49,4.49,2.38,12.74
Fruits - Citrus,"Tangerine or mandarin orange, 140 g",11,8.65,7.11,2.8,23.52
Fruits - Citrus,"Citrus fruits, canned, 140 g",4,12.13,12.5,3.16,33.6
Fruits - Other,"Breadfruit, 140 g",3,2.05,0.54,1.54,2.8
Fruits - Other,"Cherries, 140 g",24,3.5,1.45,1.82,7
Fruits - Other,"Apple, 140 g",143,3.01,3.12,0.31,18.34
Fruits - Other,"Grape, 140 g",120,4.24,6.35,0.63,38.22
Fruits - Other,"Mango, 140 g",19,5.96,4.49,1.14,15.4
Fruits - Other,"Papaya, 140 g",11,6.89,4.61,1.86,15.96
Fruits - Other,"Jack fruit, 140 g",2,9.1,2.1,7,11.2
Fruits - Other,"Kiwi, 140 g",29,6.86,7.2,0.92,28
Fruits - Other,"Banana, 140 g",113,7.32,6.77,1.12,37.8
Fruits - Other,"Phalsa, 140 g*",1,8.4,0,8.4,8.4
Fruits - Other,"Pear, 140 g",176,8.26,5.77,1.05,33.6
Fruits - Other,"Watermelon, 150 g",85,7.94,6.69,1.2,37.35
Fruits - Other,"Apple, canned, 140 g*",1,9.8,0,9.8,9.8
Fruits - Other,"Pineapple, 140 g",41,8.6,7.54,2.8,23.8
Fruits - Other,"Peach or nectarine, 140 g",155,10.34,4.42,1.12,30.8
Fruits - Other,"Jujube, 140 g",2,12.85,1.65,11.2,14.49
Fruits - Other,"Melons, 150 g",106,11.8,8.14,1.2,42.9
Fruits - Other,"Guava, 140 g",4,13.26,6.68,2.62,19.6
Fruits - Other,"Karonda fruit, 140 g*",1,14,0,14,14
Fruits - Other,"Dragon fruit, 140 g",2,14,8.4,5.6,22.4
Fruits - Other,"Dates, fresh, 140 g",2,18.55,2.45,16.1,21
Fruits - Other,"Pineapple, canned, 140 g",71,15.8,9.59,1.82,64.12
Fruits - Other,"Apricot, canned, 140 g",51,15.91,11.24,1.12,85.54
Fruits - Other,"Fig, 140 g*",1,18.2,0,18.2,18.2
Fruits - Other,"Lychee, 140 g",3,18.44,9.84,9.8,32.2
Fruits - Other,"Persimmon, 140 g",4,29.96,1.14,28,30.8
Fruits - Other,"Plum, 140 g",16,20.18,21.1,3.36,72.8
Fruits - Other,"Jambu fruit, 140 g*",1,22.4,0,22.4,22.4
Fruits - Other,"Apricot, 140 g*",2,23.8,0,23.8,23.8
Fruits - Other,"Lychee, canned, 140 g*",1,25.62,0,25.62,25.62
Fruits - Other,"Passionfruit, 140 g*",1,32.2,0,32.2,32.2
Fruits - Other,"Star fruit, 140 g*",1,39.2,0,39.2,39.2
Fruits - Other,"Sapota, 140 g*",1,40.6,0,40.6,40.6
Fruits - Other,"Bael fruit, 140 g",2,46.9,11.9,35,58.8
Fruits - Other,"Avocado, 140 g",85,42.44,39.82,9.24,290.92
Fruits - Other,"Coconut, 140 g",4,100.1,54.41,35,180.6
Vegetables - Root,"Onion, 85 g",92,3.06,2.33,0.68,16.15
Vegetables - Root,"Carrot, 85 g",103,3.79,2.36,0.43,12.92
Vegetables - Root,"Radish, 85 g",13,4.26,1.75,1.7,7.65
Vegetables - Root,"Celeriac, 85 g",5,5,0.71,4.42,5.95
Vegetables - Root,"Salsify, 85 g*",2,4.08,0,4.08,4.08
Vegetables - Root,"Rutabaga, 85 g",7,4.81,1.21,3.32,6.63
Vegetables - Root,"Kohlrabi, 85 g*",2,5.1,0,5.1,5.1
Vegetables - Root,"Turnip, 85 g",4,5.4,3.76,0.85,11.31
Vegetables - Root,"Parsley root, 85 g",2,9.39,0.04,9.35,9.44
Vegetables - Root,"Water chestnut, 85 g*",1,9.35,0,9.35,9.35
Vegetables - Root,"Beets, 85 g",16,8.46,7.19,1.4,22.95
Vegetables - Root,"Potato, 110 g",84,8.17,9.5,0.44,44
Vegetables - Root,"Jerusalem artichoke, 85 g*",1,12.75,0,12.75,12.75
Vegetables - Root,"Sweet potato, 110 g",9,12.55,7.67,3.3,28.6
Vegetables - Root,"Lotus root, 85 g",2,15.17,4.38,10.8,19.55
Vegetables - Root,"Yam, 110 g",4,17.6,4.47,12.1,22
Vegetables - Root,"Parsnip, 85 g",9,19.72,7.28,9.35,34.43
Vegetables - Root,"Arracacha, 110 g*",1,26.4,0,26.4,26.4
Vegetables - Root,"Fennel, 85 g*",2,28.9,0,28.9,28.9
Vegetables - Root,"Taro root, 110 g*",1,38.5,0,38.5,38.5
Vegetables - Root,"Cassava, 110 g",3,32.63,25.99,12.1,69.3
Vegetables - Leafy,"Bitter leaf, 85 g*",1,1.28,0,1.28,1.28
Vegetables - Leafy,"Celtuse/Chinese lettuce, 85 g*",1,3.66,0,3.66,3.66
Vegetables - Leafy,"Cabbage, 85 g",59,4.8,4.29,0.85,20.4
Vegetables - Leafy,"Jews mallow leaves, 85 g*",1,4.25,0,4.25,4.25
Vegetables - Leafy,"Lettuces, 85 g",124,5.83,4.7,0.17,28.9
Vegetables - Leafy,"Bathua leaves, 85 g*",1,6.8,0,6.8,6.8
Vegetables - Leafy,"Mustard leaves, 85 g",2,9.48,3.27,6.21,12.75
Vegetables - Leafy,"Head/iceberg lettuce, 85 g",83,9.01,6.86,0.29,28.05
Vegetables - Leafy,"Spinach, 85 g",45,8.94,9.99,1.7,51
Vegetables - Leafy,"Kale, 85 g",6,11.79,1.66,8.67,13.6
Vegetables - Leafy,"Cauliflower leaves, 85 g*",1,11.05,0,11.05,11.05
Vegetables - Leafy,"Chard, 85 g",4,11.88,6.25,3.32,17.85
Vegetables - Leafy,"Pea shoots, 85 g*",1,13.01,0,13.01,13.01
Vegetables - Leafy,"Bok choy, 85 g",2,13.22,7.18,6.04,20.4
Vegetables - Leafy,"Kohlrabi leaves, 85 g*",1,15.3,0,15.3,15.3
Vegetables - Leafy,"Plumed cockscomb leaves, 85 g*",1,15.3,0,15.3,15.3
Vegetables - Leafy,"Gboma leaves, 85 g*",1,15.56,0,15.56,15.56
Vegetables - Leafy,"Water leaf, 85 g*",1,16.15,0,16.15,16.15
Vegetables - Leafy,"Beet greens, 85 g*",1,17,0,17,17
Vegetables - Leafy,"Rumex leaves, 85 g*",1,17,0,17,17
Vegetables - Leafy,"Amaranth leaves, 85 g",5,19.89,3.86,14.45,25.5
Vegetables - Leafy,"Watercress, 85 g",3,17.51,8.8,7.48,28.9
Vegetables - Leafy,"Alfalfa sprouts, 85 g",3,21.76,4,17.68,27.2
Vegetables - Leafy,"Drumstick leaves, 85 g*",1,20.4,0,20.4,20.4
Vegetables - Leafy,"Fluted pumpkin leaves, 85 g*",1,20.4,0,20.4,20.4
Vegetables - Leafy,"Radish leaves, 85 g*",1,21.25,0,21.25,21.25
Vegetables - Leafy,"Taro leaves, 85 g*",1,22.1,0,22.1,22.1
Vegetables - Leafy,"Pumpkin leaves, 85 g*",1,22.95,0,22.95,22.95
Vegetables - Leafy,"Arugula/rocket, 85 g*",1,24.65,0,24.65,24.65
Vegetables - Leafy,"Brussels sprouts tops, 85 g*",1,24.65,0,24.65,24.65
Vegetables - Leafy,"Collard greens, 85 g*",1,25.5,0,25.5,25.5
Vegetables - Leafy,"Leaf chicory (endive or radicchio), 85 g",5,25.08,13.87,6.89,48.79
Vegetables - Leafy,"Seaweed, 15 g",19,20.66,22.72,1.5,102.9
Vegetables - Leafy,"Fenugreek leaves, 85 g*",1,28.9,0,28.9,28.9
Vegetables - Leafy,"Ponnaganni (leaves), 85 g*",1,34.85,0,34.85,34.85
Vegetables - Leafy,"Garden cress, 85 g*",2,35.7,0,35.7,35.7
Vegetables - Leafy,"Betel leaves, 85 g",2,39.53,2.98,36.55,42.5
Vegetables - Leafy,"Malabar spinach, 85 g*",1,37.4,0,37.4,37.4
Vegetables - Leafy,"Gogu leaves, 85 g*",2,42.5,0,42.5,42.5
Vegetables - Leafy,"Nettle leaves, 85 g*",1,42.5,0,42.5,42.5
Vegetables - Leafy,"Agathi leaves, 85 g*",1,57.8,0,57.8,57.8
Vegetables - Other,"Olives, 15 g",56,1.31,0.84,0.15,5.55
Vegetables - Other,"Pickles, 30 g",56,1.16,1.16,0.17,6.75
Vegetables - Other,"Mushrooms, 85 g",136,2.39,2.36,0.26,11.9
Vegetables - Other,"Celery, 85 g",87,2.8,2.2,0.43,16.15
Vegetables - Other,"Tomato, 85 g",107,2.44,3.03,0.43,20.49
Vegetables - Other,"Cucumber, 85 g",109,2.84,3.1,0.43,21.25
Vegetables - Other,"Plantain, stem, 85 g*",1,2.55,0,2.55,2.55
Vegetables - Other,"Wax gourd, 85 g*",1,3.06,0,3.06,3.06
Vegetables - Other,"Garlic scapes, 40 g*",1,4,0,4,4
Vegetables - Other,"Plantain, green, 85 g*",1,4.25,0,4.25,4.25
Vegetables - Other,"Eggplant, 85 g",9,4.37,4.1,0.34,11.05
Vegetables - Other,"Leek, 85 g",8,4.74,3.38,1.4,11.05
Vegetables - Other,"Tomato, sun-dried, 30 g",2,5.13,4.17,0.96,9.3
Vegetables - Other,"Ivy gourd, 85 g",2,6.8,1.7,5.1,8.5
Vegetables - Other,"Cauliflower, 85 g",18,6.08,5.06,0.94,20.4
Vegetables - Other,"Ash gourd, 85 g*",1,6.8,0,6.8,6.8
Vegetables - Other,"Bamboo shoot, 85 g*",1,6.8,0,6.8,6.8
Vegetables - Other,"Plantain, flower, 85 g*",1,7.65,0,7.65,7.65
Vegetables - Other,"Taro stem, 85 g",2,8.93,2.13,6.8,11.05
Vegetables - Other,"Spring onion, 40 g",4,7.58,4.89,1.6,12.4
Vegetables - Other,"Bottle gourd, 85 g",3,9.92,2.23,6.8,11.9
Vegetables - Other,"Peppers, 85 g",106,6.99,8.31,0.6,49.98
Vegetables - Other,"Drumstick, 85 g*",1,9.35,0,9.35,9.35
Vegetables - Other,"Broccoli, 85 g",9,9.69,5.52,2.3,22.1
Vegetables - Other,"Corn, 85 g",14,7.89,9.31,2.72,39.95
Vegetables - Other,"Zucchini, 85 g",5,9.82,8.74,0.64,21.25
Vegetables - Other,"Ridge gourd, 85 g",2,11.05,0.85,10.2,11.9
Vegetables - Other,"Snake gourd, 85 g",3,10.2,3.47,5.95,14.45
Vegetables - Other,"Rhubarb, 140 g",7,11.11,4.77,5.04,21
Vegetables - Other,"Pointed gourd, 85 g*",1,10.2,0,10.2,10.2
Vegetables - Other,"Tinda gourd, 85 g*",1,10.2,0,10.2,10.2
Vegetables - Other,"Squash, 85 g",3,12.64,6.21,3.91,17.85
Vegetables - Other,"Snow pea, 85 g*",1,12.75,0,12.75,12.75
Vegetables - Other,"Pumpkin, 85 g",5,14.16,7.96,3.91,23.8
Vegetables - Other,"Brussels sprouts, 85 g",11,12.45,11.9,2.38,47.6
Vegetables - Other,"Beans, runner, 85 g",2,17.21,5.74,11.48,22.95
Vegetables - Other,"Bitter melon, 85 g",4,18.28,12.57,9.35,39.95
Vegetables - Other,"Green beans, 85 g",13,19.14,11.65,3.52,47.6
Vegetables - Other,"Asparagus, 85 g",6,25.25,7.99,15.3,35.7
Vegetables - Other,"Snap peas, 85 g*",1,22.1,0,22.1,22.1
Vegetables - Other,"Okra, 85 g",2,25.5,15.3,10.2,40.8
Vegetables - Other,"Bean sprouts, 65 g",4,29.4,17.37,11.05,56.94
Vegetables - Other,"Peas, dried, 35 g",6,32.81,20.44,4.52,59.5
Vegetables - Other,"Chayote, 85 g",2,34.85,28.05,6.8,62.9
Vegetables - Other,"Peas, 85 g",15,34.54,41.79,4.82,186.15
Vegetables - Prepared,"Bean sprouts, cooked, 65 g*",1,0.04,0,0.04,0.04
Vegetables - Prepared,"Mushroom, composite, 107.5 g",15,1.09,0.9,0.17,3.76
Vegetables - Prepared,"Kohlrabi, composite, 107.5 g",8,2.55,0.69,2.15,4.3
Vegetables - Prepared,"Tomato, composite, 107.5 g",19,2.05,1.83,0.37,8.06
Vegetables - Prepared,"Onion, composite, 107.5 g",4,2.8,0.71,2.15,3.87
Vegetables - Prepared,"Potato, instant, 17 g",4,3.19,0.93,1.7,4.25
Vegetables - Prepared,"Turnip, cooked, 130 g",49,2.84,2.19,1.04,10.01
Vegetables - Prepared,"Celery, composite, 107.5 g",15,3.39,1.71,0.24,7.1
Vegetables - Prepared,"Onions, pickled, 130 g*",1,2.6,0,2.6,2.6
Vegetables - Prepared,"Cabbage, cooked, 130 g",65,3.62,2.88,0.65,14.3
Vegetables - Prepared,"Leek, cooked, 130 g",4,4.88,0.5,4.03,5.33
Vegetables - Prepared,"Fennel, composite, 107.5 g",8,4.46,1.36,2.8,7.1
Vegetables - Prepared,"Brussels sprouts, composite, 107.5 g*",1,3.23,0,3.23,3.23
Vegetables - Prepared,"Tomato, cooked, 107.5 g*",1,3.78,0,3.78,3.78
Vegetables - Prepared,"Eggplant, cooked, 130 g",81,3.05,5.44,0.57,46.8
Vegetables - Prepared,"Cabbage, canned, 130 g*",2,3.9,0,3.9,3.9
Vegetables - Prepared,"Collard greens, cooked, 130 g",74,4.61,2.58,1.04,11.44
Vegetables - Prepared,"Pumpkin, marinated, 130 g",2,5.59,0.91,4.68,6.5
Vegetables - Prepared,"Corn, cooked, 130 g",97,4.59,3.12,1.04,20.8
Vegetables - Prepared,"Beets, canned, 130 g",50,4.98,3.33,1.04,15.73
Vegetables - Prepared,"Cabbage, sauerkraut, 85 g",5,5.83,1.9,4.25,8.38
Vegetables - Prepared,"Carrot, cooked, 130 g",53,5.66,2.91,0.78,14.82
Vegetables - Prepared,"Nettles, cooked, 130 g*",1,5.59,0,5.59,5.59
Vegetables - Prepared,"Wax gourd, cooked, 130 g*",1,5.72,0,5.72,5.72
Vegetables - Prepared,"Potato, instant, prepared, 140 g*",1,5.73,0,5.73,5.73
Vegetables - Prepared,"Onion, cooked, 130 g",21,5.15,5.06,0.97,24.96
Vegetables - Prepared,"Okra, cooked, 130 g",48,6.08,3.66,1.04,17.55
Vegetables - Prepared,"Pumpkin, canned, 130 g*",1,6.5,0,6.5,6.5
Vegetables - Prepared,"Pumpkin, composite, 107.5 g",4,7.77,1.55,6.24,10.32
Vegetables - Prepared,"Salsify, cooked, 130 g*",1,6.93,0,6.93,6.93
Vegetables - Prepared,"Spinach, cooked, 130 g",54,7.16,3.52,1.04,19.11
Vegetables - Prepared,"Water spinach, cooked, 130 g*",1,7.02,0,7.02,7.02
Vegetables - Prepared,"Corn, canned, 130 g",56,5.79,7.31,1.04,53.95
Vegetables - Prepared,"Peppers, composite, 107.5 g",5,6.84,5.37,0.65,16.13
Vegetables - Prepared,"Cauliflower, cooked, 130 g",95,7.41,5.91,0.78,41.6
Vegetables - Prepared,"Spinach, composite, 107.5 g",12,8.02,4.98,2.78,22.68
Vegetables - Prepared,"Potato, cooked, 167 g",132,7.59,6.66,0.67,36.74
Vegetables - Prepared,"Broccoli, cooked, 130 g",93,8.44,5.05,1.04,22.1
Vegetables - Prepared,"Carrot, composite, 107.5 g",21,6.7,10.35,0.59,40.31
Vegetables - Prepared,"Zucchini, cooked, 130 g",87,7.84,8.2,1.04,58.5
Vegetables - Prepared,"Beets, cooked, 130 g",20,8.87,7.31,2.96,30.55
Vegetables - Prepared,"Potato, cooked with skin, 167 g",89,9.35,6.67,1.34,48.93
Vegetables - Prepared,"Brussels sprouts, cooked, 130 g",91,9.6,11.35,1.04,67.21
Vegetables - Prepared,"Pumpkin, cooked, 130 g",3,11.18,4.76,6.58,17.73
Vegetables - Prepared,"Broccoli, composite, 107.5 g",17,10.44,6.26,1.67,25.69
Vegetables - Prepared,"Potato, french fried, 70 g",118,11.63,5.78,3.22,32.76
Vegetables - Prepared,"Green beans, canned, 130 g",52,11.94,7.1,1.04,41.73
Vegetables - Prepared,"Cauliflower, composite, 107.5 g",17,11.08,9.78,1.08,35.26
Vegetables - Prepared,"Kale, cooked, 130 g",11,11.84,9.73,2.6,39
Vegetables - Prepared,"Squash, cooked, 130 g",74,11.66,11.07,1.04,62.4
Vegetables - Prepared,"Cabbage, composite, 107.5 g",18,10.57,13.67,1.17,49.99
Vegetables - Prepared,"Mushroom, cooked, 130 g",21,12.65,9.75,0.55,27.82
Vegetables - Prepared,"Peppers, cooked, 130 g*",1,13,0,13,13
Vegetables - Prepared,"Plantain, cooked, 167 g",3,15.81,5.27,11.36,23.21
Vegetables - Prepared,"Seaweed, cooked, 15 g",5,14.24,9.13,2.18,29.55
Vegetables - Prepared,"Sweet potato, canned, 167 g",48,15.21,8.47,1.67,43.42
Vegetables - Prepared,"Hairy gourd, cooked, 130 g*",1,15.21,0,15.21,15.21
Vegetables - Prepared,"Mushroom, canned, 130 g",5,15.65,9.36,2.6,26
Vegetables - Prepared,"Asparagus, canned, 130 g",4,15.57,9.54,6.37,28.6
Vegetables - Prepared,"Sponge gourd, cooked, 130 g*",1,15.6,0,15.6,15.6
Vegetables - Prepared,"Asparagus, cooked, 130 g",93,15.81,9.84,1.04,46.15
Vegetables - Prepared,"Sweet potato, cooked, 167 g",33,15.49,13.24,0,51.77
Vegetables - Prepared,"Yam, cooked, 167 g*",1,18.04,0,18.04,18.04
Vegetables - Prepared,"Mushrooms, marinated, 130 g*",1,19.5,0,19.5,19.5
Vegetables - Prepared,"Green beans, cooked, 130 g",88,17.97,14.49,2.6,96.2
Vegetables - Prepared,"Rutabaga, cooked, 130 g",17,14.42,23.35,0.74,83.2
Vegetables - Prepared,"Spinach, canned, 130 g",2,20.28,14.82,5.46,35.1
Vegetables - Prepared,"Taro, cooked, 167 g",2,28.06,1.34,26.72,29.39
Vegetables - Prepared,"Jerusalem artichoke, cooked, 130 g*",1,20.54,0,20.54,20.54
Vegetables - Prepared,"En choy (chinese spinach), cooked, 130 g*",1,20.8,0,20.8,20.8
Vegetables - Prepared,"Tomato, canned, 130 g",8,21.29,21.66,0.42,63.7
Vegetables - Prepared,"Peas, cooked, 130 g",82,28.4,15.07,2.6,100.75
Vegetables - Prepared,"Parsnip, cooked, 130 g*",1,27.43,0,27.43,27.43
Vegetables - Prepared,"Green beans, canned and cooked composite, 130 g",16,26.18,20.23,5.98,87.75
Vegetables - Prepared,"Gai lan (chinese kale/broccoli), cooked, 130 g*",1,31.2,0,31.2,31.2
Vegetables - Prepared,"Peas, canned, 130 g",5,33.77,18.83,20.15,70.72
Vegetables - Prepared,"Snap peas, cooked, 130 g*",1,36.79,0,36.79,36.79
Vegetables - Prepared,"Fennel, cooked, 130 g*",1,51.35,0,51.35,51.35
Vegetables - Prepared,"Cassava, cooked, 167 g",2,65.05,27.47,37.58,92.52
"Meat, poultry, eggs and substitutes","Venison, 125 g",29,1.9,0.36,1.06,2.5
"Meat, poultry, eggs and substitutes","Rabbit, 125 g",4,1.47,1.46,0.63,4
"Meat, poultry, eggs and substitutes","Sausage, 75 g",24,2.04,1.02,0.46,4.61
"Meat, poultry, eggs and substitutes","Beef, 125 g",73,1.91,2.25,0.19,12.5
"Meat, poultry, eggs and substitutes","Moose, raw, 125 g*",1,1.25,0,1.25,1.25
"Meat, poultry, eggs and substitutes","Egg, 100 g",41,2.09,2.58,0.12,9.2
"Meat, poultry, eggs and substitutes","Lamb, 125 g",23,2.93,1.83,2.06,10.63
"Meat, poultry, eggs and substitutes","Pork, 125 g",55,3.02,2.09,0.3,10.63
"Meat, poultry, eggs and substitutes","Ground beef and/or pork, 125 g",19,2.84,2.88,0.88,13.5
"Meat, poultry, eggs and substitutes","Seitan, 100 g",4,3.35,3.28,0.35,8.4
"Meat, poultry, eggs and substitutes","Chicken, turkey and other poultry, 125 g",66,3.43,3.42,0.13,22.5
"Meat, poultry, eggs and substitutes","Wild boar, 125 g",8,4.92,3.11,2.06,12.5
"Meat, poultry, eggs and substitutes","Veal, 125 g",14,4.43,4.54,1.13,12.5
"Meat, poultry, eggs and substitutes","Soya sausage, 75 g",5,4.78,5.66,0.06,12.38
"Meat, poultry, eggs and substitutes","Black pudding, 75 g",6,5.91,3.59,0.83,10.28
"Meat, poultry, eggs and substitutes","Mutton, 125 g",9,6.3,4.73,1.25,12.5
"Meat, poultry, eggs and substitutes","Bacon, 54 g",9,4.84,11.12,0.43,36.18
"Meat, poultry, eggs and substitutes","Organ meats, 125 g",105,7.98,8.48,0.5,57.5
"Meat, poultry, eggs and substitutes","Goat, 125 g*",3,12.5,0,12.5,12.5
"Meat, poultry, eggs and substitutes","Horse, 125 g",3,10.42,11.2,2.5,26.25
"Meat, poultry, eggs and substitutes","Mithun, 125 g",3,45.83,21.25,25,75
"Meat, poultry, eggs and substitutes","Fermented bean products, 85 g*",1,75.65,0,75.65,75.65
"Meat, poultry, eggs and substitutes","TVP (texturized vegetable protein), 100 g",3,251.33,195.24,100,527
"Meat, poultry and eggs - Prepared","Moose, cooked, 100 g*",1,0.6,0,0.6,0.6
"Meat, poultry and eggs - Prepared","Rabbit, cooked, 100 g*",1,0.6,0,0.6,0.6
"Meat, poultry and eggs - Prepared","Bacon, cooked, 15 g",82,0.71,0.76,0.12,4.16
"Meat, poultry and eggs - Prepared","Venison, cooked, 100 g",7,1.65,0.91,0.6,2.84
"Meat, poultry and eggs - Prepared","Dried meats, 30 g",5,1.71,0.88,0.25,2.72
"Meat, poultry and eggs - Prepared","Lunch meat, 55 g",363,1.66,1.72,0.36,13.2
"Meat, poultry and eggs - Prepared","Lunch meat, canned, 55 g",21,2.07,1,0.52,4.4
"Meat, poultry and eggs - Prepared","Black pudding, cooked, 55 g",5,2.64,3.12,0.71,8.86
"Meat, poultry and eggs - Prepared","Meat jellies, 120 g",4,3.53,1.35,1.99,5.52
"Meat, poultry and eggs - Prepared","Organ meats, cured, 125 g*",2,1.25,0,1.25,1.25
"Meat, poultry and eggs - Prepared","Egg powder, 20 g",3,4.47,1.59,2.8,6.6
"Meat, poultry and eggs - Prepared","Horse, cooked, 100 g*",1,2.68,0,2.68,2.68
"Meat, poultry and eggs - Prepared","Egg, cooked, 100 g",176,2.68,7.22,0.35,63.3
"Meat, poultry and eggs - Prepared","Sausage, cooked, 55 g",238,3.52,5.85,0.32,49.17
"Meat, poultry and eggs - Prepared","Veal, cooked, 100 g",28,3.87,6.15,0.67,27.4
"Meat, poultry and eggs - Prepared","Chicken, turkey and other poultry, cooked, 100 g",486,4.66,5.75,0.1,50
"Meat, poultry and eggs - Prepared","Organ meats, cooked, 100 g",127,4.15,9.67,0.64,76.5
"Meat, poultry and eggs - Prepared","Pate, 55 g",49,4.98,8.33,0.45,32.45
"Meat, poultry and eggs - Prepared","Wild boar, cooked, 100 g",2,7.3,5.2,2.1,12.5
"Meat, poultry and eggs - Prepared","Lamb, cooked, 100 g",97,6.92,13.06,0.7,84.4
"Meat, poultry and eggs - Prepared","Beef, cooked, 100 g",192,6.92,17.37,0.57,115.2
"Meat, poultry and eggs - Prepared","Pork, cooked, 100 g",199,6.5,21.46,0.36,178.3
"Meat, poultry and eggs - Prepared","Mutton, cooked, 100 g",17,12.86,14.47,2,60
"Meat, poultry and eggs - Prepared","Pork, cured, cooked, 55 g",93,14.77,48.91,0.44,383.08
"Meat, poultry and eggs - Prepared","Ground beef and/or pork, cooked, 100 g",123,18.5,48.14,0.74,308.2
Fish and seafood,"Roe substitute (seaweed),15 g",1,0.48,0,0.48,0.48
Fish and seafood,"Fish roe,15 g",10,0.54,0.63,0.08,2.4
Fish and seafood,"Lobster,125 g",4,7,1,5.88,8.38
Fish and seafood,"Fish,125 g",244,6.39,6.71,0.23,41.25
Fish and seafood,"Eel,125 g",7,7.99,7.55,0.21,21.75
Fish and seafood,"Squid or octopus,125 g",8,8.78,11.12,1.38,37.5
Fish and seafood,"Prawn,125 g",9,9.31,13.32,2.19,46.63
Fish and seafood,"Shrimp,125 g",6,11.39,9.39,2.5,28.75
Fish and seafood,"Crayfish,125 g",3,16.35,2.32,14.67,19.63
Fish and seafood,"Crab,125 g",6,13.42,14.24,1.25,36.5
Fish and seafood,"Oysters,125 g",4,58,53.62,10,147.5
Fish and seafood,"Snails or whelks,125 g",5,77.25,126.39,11.25,330
Fish and seafood,"Mussels,125 g",22,103.17,84.91,8.48,400
Fish and seafood,"Cockles,125 g",2,136.25,38.75,97.5,175
Fish and seafood,"Clams,125 g",8,136.05,168.5,10,453.75
Fish and seafood,"Scallops,125 g",6,176.46,179.73,5,425
Fish and seafood - Prepared,"Eel (smoked),55 g",2,0.87,0.23,0.65,1.1
Fish and seafood - Prepared,"Eel (cooked),100 g",3,0.85,0.81,0.23,2
Fish and seafood - Prepared,"Crustaceans (canned),55 g",5,1.54,0.64,0.6,2.59
Fish and seafood - Prepared,"Fish (salted or smoked),55 g",61,1.34,1.18,0.27,7.7
Fish and seafood - Prepared,"Fish (canned),55 g",129,1.49,1.42,0.28,7.7
Fish and seafood - Prepared,"Bivalves (smoked),55 g",1,1.38,0,1.38,1.38
Fish and seafood - Prepared,"Fish (pickled),55 g",12,2.15,1.09,0.37,3.58
Fish and seafood - Prepared,"Shrimp (cooked),100 g",97,2.05,1.39,0.8,13
Fish and seafood - Prepared,"Lobster (cooked),100 g",4,3.05,0.95,2.5,4.7
Fish and seafood - Prepared,"Squid or octopus (cooked),100 g",5,3.48,1.25,2.5,5.5
Fish and seafood - Prepared,"Crab (cooked),100 g",8,3.4,1.67,2.5,7.3
Fish and seafood - Prepared,"Prawns (cooked),100 g",15,4.64,4.45,1.09,18
Fish and seafood - Prepared,"Fish (cooked),100 g",389,5.25,9.57,0.09,80.3
Fish and seafood - Prepared,"Oysters (cooked),100 g",1,13,0,13,13
Fish and seafood - Prepared,"Scallops (cooked),100 g",3,16.83,11.26,2.5,30
Fish and seafood - Prepared,"Bivalves (canned),55 g",3,39.69,8.62,27.5,45.93
Fish and seafood - Prepared,"Crayfish (cooked),100 g",6,39.59,19.8,2.5,58.39
Fish and seafood - Prepared,"Mussels (cooked),100 g",13,57.11,119.95,7,470
Fish and seafood - Prepared,"Snails or whelks (cooked),100 g",7,65.93,71.71,2.5,210
Fish and seafood - Prepared,"Bivalves (pickled),55 g",2,78.93,61.88,17.05,140.8
Fish and seafood - Prepared,"Cockles (cooked),100 g",1,206,0,206,206
Beans and bean products,"Beans, chickpea, canned, 80 g",5,19.07,7.49,11.92,30.4
Beans and bean products,"Beans, white, canned, 80 g",4,24.8,5.6,16,30.4
Beans and bean products,"Beans, black, canned, 80 g",3,26.67,2.64,24.8,30.4
Beans and bean products,"Beans, kidney, canned, 80 g",5,24,11.83,9.6,40
Beans and bean products,"Beans, white, cooked, 80 g",48,25.26,11.34,0.05,52.56
Beans and bean products,"Beans, lentil, canned, 80 g",2,28.6,12.6,16,41.2
Beans and bean products,"Beans, chickpea, cooked, 80 g",3,34.19,7.09,25.6,42.96
Beans and bean products,"Beans, various, canned, 80 g",4,32.04,20.66,18.16,67.6
Beans and bean products,"Beans, pinto, canned, 80 g",3,37.87,9.34,28,50.4
Beans and bean products,"Beans, various, fresh, 80 g",9,43.69,25.49,12.8,96.8
Beans and bean products,"Beans, lima, cooked, 80 g",49,46.97,22.38,6,96.56
Beans and bean products,"Beans, pinto, cooked, 80 g",47,51.39,12.96,18,77.76
Beans and bean products,"Beans, various, cooked, 80 g",12,55.52,63.37,0.05,245.6
Beans and bean products,"Beans, lentil, cooked, 80 g",4,68.08,9.86,59.52,84.8
Beans and bean products,"Beans, various, dried, 35 g",52,78.47,40.23,11.2,245
Beans and bean products,"Tofu, 85 g",7,101.99,123.49,14.03,365.5
Beans and bean products,"Beans, black, cooked, 80 g*",1,112,0,112,112
Beans and bean products,"Soya flakes, 35 g*",1,143.5,0,143.5,143.5
Nuts and seeds,"Caraway seeds, 30 g*",1,0.05,0,0.05,0.05
Nuts and seeds,"Chestnuts, 30 g",2,12.6,0.3,12.3,12.9
Nuts and seeds,"Peanut butter, 15 g",76,10.56,8.24,0.23,57
Nuts and seeds,"Almond butter, 15 g",2,15.83,3.68,12.15,19.5
Nuts and seeds,"Safflower seeds, 30 g*",1,15.9,0,15.9,15.9
Nuts and seeds,"Pistachios, 30 g",13,21.68,6.1,5.31,31.83
Nuts and seeds,"Almonds, 30 g",18,26.08,11.23,5.31,39
Nuts and seeds,"Hazelnut butter, 15 g*",1,30,0,30,30
Nuts and seeds,"Peanuts, 30 g",71,29.25,53.17,2.4,384
Nuts and seeds,"Arecanut, 30 g",2,32.25,1.05,31.2,33.3
Nuts and seeds,"Seeds, various, 30 g",2,33.15,5.25,27.9,38.4
Nuts and seeds,"Sesame seeds, 30 g",13,30.53,20.69,8.4,78.6
Nuts and seeds,"Poppy seeds, 30 g",10,39,16.1,7.2,74.7
Nuts and seeds,"Macadamia nuts, 30 g*",1,42,0,42,42
Nuts and seeds,"Flaxseed, 30 g",5,53.64,11.16,39,66.9
Nuts and seeds,"Hazelnuts, 30 g",30,52.76,20.54,12.9,93
Nuts and seeds,"Pumpkin seeds, 30 g",6,50.44,37.59,5.31,105
Nuts and seeds,"Chia seeds, 30 g",6,65.4,13.02,48,90
Nuts and seeds,"Pine nuts, 30 g",7,67.97,13.87,42,90
Nuts and seeds,"Nuts, various, 30 g",14,68.4,57.24,17.7,245.07
Nuts and seeds,"Brazil nuts, 30 g",5,77.69,40.7,11.67,138
Nuts and seeds,"Niger seeds, 30 g",2,82.5,5.4,77.1,87.9
Nuts and seeds,"Walnuts, 30 g",34,100.23,27.64,33,150
Nuts and seeds,"Sunflower seeds, 30 g",74,101.59,29,10.53,186
Nuts and seeds,"Hemp seeds, 30 g",3,145,45.45,87,198
Nuts and seeds,"Cashews, 30 g",12,169.1,34.8,120,228
Nuts and seeds,"Alfalfa seeds, 30 g",2,169.5,49.5,120,219
Nuts and seeds,"Pecans, 30 g",5,170.4,141.72,60,450
Beverages - Alcoholic,"Liquor, 45 g",64,1.83,1.8,0,7.65
Beverages - Alcoholic,"Vermouth, 83 g",6,2.58,0.73,1.74,3.69
Beverages - Alcoholic,"Cider, 333 g",4,3.33,2.04,1.67,6.66
Beverages - Alcoholic,"Beer, 333 g",115,3.02,3.19,0,18.32
Beverages - Alcoholic,"Wine, 188 g",115,5.51,2.51,0.47,16.36
Beverages - Alcoholic,"Fortified wine, 83 g",9,5.53,4.21,0.42,11.21
Beverages - Juices,"Lemon juice, 5 g",6,0.14,0.13,0.05,0.34
Beverages - Juices,"Turnip juice, 250 g",2,1.7,0.3,1.4,2
Beverages - Juices,"Lemonade, 250 g",51,1.71,1.15,0.63,6.5
Beverages - Juices,"Mango juice, 250 g",3,2.78,0.99,1.48,3.88
Beverages - Juices,"Fruit drink, 250 g",185,2.42,2.46,0.63,21.25
Beverages - Juices,"Cherry juice, 250 g*",1,2.39,0,2.39,2.39
Beverages - Juices,"Citrus juice, 250 g",67,3.32,1.5,0.63,6.75
Beverages - Juices,"Fruit juice, concentrated, 62.5 g",4,3.86,1.38,2.94,6.25
Beverages - Juices,"Strawberry juice, 250 g*",1,3.68,0,3.68,3.68
Beverages - Juices,"Citrus juice, canned, 250 g",20,4.04,2.26,0.75,9.5
Beverages - Juices,"Citrus juice, from concentrate, 250 g",64,4.47,1.84,0.63,10.5
Beverages - Juices,"Plum juice, 250 g*",1,4.39,0,4.39,4.39
Beverages - Juices,"Grape juice, 250 g",67,4.55,2.44,0.63,11.35
Beverages - Juices,"Aloe juice, 250 g*",1,4.75,0,4.75,4.75
Beverages - Juices,"Sugarcane juice, 250 g*",1,5,0,5,5
Beverages - Juices,"Apple juice, canned or bottled, 250 g",77,4.04,5.23,0.63,36
Beverages - Juices,"Blackcurrant juice, 250 g*",1,6.65,0,6.65,6.65
Beverages - Juices,"Peach juice, 250 g",3,8.47,0.71,7.54,9.28
Beverages - Juices,"Grapefruit juice, 250 g",47,5.85,6.69,0.63,35.75
Beverages - Juices,"Fruit juice, various, canned or bottled, 250 g",67,7.15,5.79,0.63,22.5
Beverages - Juices,"Passionfruit juice, 250 g*",1,10.55,0,10.55,10.55
Beverages - Juices,"Apricot juice, 250 g*",1,10.99,0,10.99,10.99
Beverages - Juices,"Pineapple juice, 250 g",6,12.3,4.18,7.78,17.75
Beverages - Juices,"Tomato juice, 250 g",3,14.25,1.06,12.75,15
Beverages - Juices,"Acai juice, 250 g*",1,12.5,0,12.5,12.5
Beverages - Juices,"Tomato juice, canned, 250 g",2,14.75,2,12.75,16.75
Beverages - Juices,"Vegetable juice, canned, 250 g",16,12.63,6.32,5.38,30
Beverages - Juices,"Pear juice, 250 g",3,13.04,7.01,5.25,22.25
Beverages - Juices,"Vegetable juice, 250 g",5,13.8,8.79,2.5,28.75
Beverages - Juices,"Tomato juice, bottled, 250 g",47,19.04,7.98,10.25,53.75
Beverages - Juices,"Goji juice, 250 g*",1,25,0,25,25
Beverages - Juices,"Mangosteen juice, 250 g*",1,25,0,25,25
Beverages - Juices,"Pomegranate juice, 250 g*",1,25,0,25,25
Beverages - Juices,"Pineapple juice, from concentrate, 250 g",47,28.72,11.14,8.25,53.75
Beverages - Juices,"Prune juice, 250 g",48,34.8,9.22,21,78
Beverages - Hot,"Tea, lemongrass, brewed, 250 g",3,1.09,0.62,0.26,1.75
Beverages - Hot,"Instant coffee powder, 3 g",10,1.74,1.22,0.27,3.6
Beverages - Hot,"Rosehip powder, 3 g*",1,1.2,0,1.2,1.2
Beverages - Hot,"Tea, yerba mate, brewed, 250 g",5,3.04,2.44,0.44,7.5
Beverages - Hot,"Coffee, brewed, 250 g",145,3.57,3.25,0.63,18.5
Beverages - Hot,"Tea, peppermint, brewed, 250 g",5,4.68,4.54,0.27,13.25
Beverages - Hot,"Coffee, beans, 14 g",25,7.57,3.48,1.55,13.55
Beverages - Hot,"Tea, herbal, brewed, 250 g",38,6.32,7.5,0.16,27
Beverages - Hot,"Tea, brewed, loose, 250 g",57,7.3,9.13,1.22,50.75
Beverages - Hot,"Tea, brewed, bag, 250 g",147,9.58,5.25,0.63,32.25
Beverages - Hot,"Tea, chamomile, brewed, 250 g",5,8.57,11.76,0.51,31.5
Beverages - Hot,"Tea, brewed, 250 g",9,10.64,4.87,5,17.75
Beverages - Hot,"Green tea, brewed, loose, 250 g",8,10.76,8.3,4.61,28
Beverages - Hot,"Green tea, brewed, bag, 250 g",10,13.98,7.39,1.91,21.96
Beverages - Hot,"Green tea, leaves, 3 g",4,18.09,14.53,8.76,43.2
Beverages - Hot,"Tea, hibiscus, brewed, 250 g",7,21.02,12.17,0.9,38.75
Beverages - Hot,"Cereal grain beverage, 250 g",4,21.98,24.62,0.17,60
Beverages - Hot,"Hot chocolate powder, 25 g",5,35.75,19.03,12.5,53.75
Beverages - Hot,"Tea, herbal, dry, 3 g",40,33.43,27.89,3.63,111
Beverages - Hot,"Tea, instant, 3 g*",1,46.5,0,46.5,46.5
Beverages - Hot,"Hot chocolate, 250 g",8,57.69,1.3,55,60
Beverages - Hot,"Tea, leaves, 3 g",128,59.16,78.14,1.02,504
Beverages - Other,"Soft drink syrup, 30 g",2,0.8,0.12,0.68,0.92
Beverages - Other,"Strawberry milk, 250 g*",1,0.88,0,0.88,0.88
Beverages - Other,"Water, bottled, 375 g",150,1.22,1.18,0.06,9
Beverages - Other,"Water, tap, 375 g",78,1.09,1.95,0,11.25
Beverages - Other,"Carbonated drinks, 375 g",168,2.09,1.34,0.38,8.37
Beverages - Other,"Sports drink, 375 g*",3,3.75,0,3.75,3.75
Beverages - Other,"Carbonated drinks, canned, 375 g",20,4.53,9.28,0.21,43.88
Beverages - Other,"Iced tea, 375 g",5,10.29,4.99,3.32,18.15
Beverages - Other,"Malt drink, 250 g",2,16.25,8.75,7.5,25
Beverages - Other,"Chocolate milk, 250 g",89,20,6.95,9.75,43.25
Beverages - Other,"Vanilla milkshake, 250 g",28,19.51,23.65,5,100
Beverages - Other,"Coconut water, 375 g",22,21.64,36.39,0.15,161.25
Beverages - Other,"Energy drink, 375 g",24,29.91,32.97,1.88,113.99
Beverages - Other,"Chocolate milkshake, 250 g",48,46.43,46.63,14.75,307.75
Herbs and spices,"Salt, 1 g",28,0.05,0.03,0.01,0.14
Herbs and spices,"Saffron, 0.5 g",2,0.06,0.01,0.06,0.07
Herbs and spices,"Dill, dried, 0.5 g*",1,0.03,0,0.03,0.03
Herbs and spices,"Bay leaf, dried, 0.5 g*",1,0.06,0,0.06,0.06
Herbs and spices,"Chervil, 1.5 g*",2,0.06,0,0.06,0.06
Herbs and spices,"Dill, fresh, 1.5 g*",2,0.09,0,0.09,0.09
Herbs and spices,"Holy basil, 1.5 g*",1,0.09,0,0.09,0.09
Herbs and spices,"Mustard seed, 0.5 g",3,0.26,0.09,0.19,0.38
Herbs and spices,"Mango ginger, 1.5 g*",1,0.17,0,0.17,0.17
Herbs and spices,"Onion, dried, 0.5 g*",1,0.17,0,0.17,0.17
Herbs and spices,"Annatto, 0.5 g",2,0.32,0.01,0.32,0.33
Herbs and spices,"Wasabi, dry, 0.5 g",2,0.35,0.01,0.35,0.36
Herbs and spices,"Ginger, fresh, 1.5 g",10,0.27,0.17,0,0.62
Herbs and spices,"Tamarind, 1.5 g",2,0.24,0.24,0,0.48
Herbs and spices,"Asafoetida, 0.5 g*",1,0.26,0,0.26,0.26
Herbs and spices,"Cloves, 0.5 g",3,0.38,0.11,0.3,0.54
Herbs and spices,"Turmeric powder, 0.5 g",2,0.41,0.16,0.25,0.57
Herbs and spices,"Allspice, 0.5 g",2,0.41,0.29,0.13,0.7
Herbs and spices,"Linden inflorescence, dry, 0.5 g*",1,0.42,0,0.42,0.42
Herbs and spices,"Sumac, 0.5 g",4,0.63,0.14,0.5,0.86
Herbs and spices,"Coriander seeds, 0.5 g",2,0.7,0.02,0.68,0.72
Herbs and spices,"Ginger, dry, 0.5 g",8,0.55,0.31,0.15,1.2
Herbs and spices,"Mint leaves, 1.5 g*",1,0.63,0,0.63,0.63
Herbs and spices,"Rosemary, dry, 0.5 g",5,0.55,0.52,0.18,1.54
Herbs and spices,"Cilantro, 1.5 g",2,0.76,0.1,0.66,0.86
Herbs and spices,"Mango powder, 0.5 g*",1,0.66,0,0.66,0.66
Herbs and spices,"Parsley, dry, 0.5 g",2,0.6,0.51,0.1,1.11
Herbs and spices,"Nutmeg, 0.5 g",4,0.68,0.42,0,1.11
Herbs and spices,"Garlic, dry, 0.5 g",5,0.62,0.55,0,1.39
Herbs and spices,"Chives, 1.5 g*",2,0.75,0,0.75,0.75
Herbs and spices,"Ramsons, 1.5 g*",1,0.75,0,0.75,0.75
Herbs and spices,"Mahaleb cherry, 0.5 g*",1,0.77,0,0.77,0.77
Herbs and spices,"Curry leaves, dry, 0.5 g",5,0.87,0.17,0.57,1.01
Herbs and spices,"Mint, dry, 0.5 g",6,0.72,0.6,0.19,1.7
Herbs and spices,"Paprika, 0.5 g",11,0.89,0.37,0.08,1.42
Herbs and spices,"St. John's Wort, dry, 0.5 g*",1,0.99,0,0.99,0.99
Herbs and spices,"Garlic, 4 g",20,0.83,0.62,0.16,2.44
Herbs and spices,"Fenugreek, 0.5 g",4,0.98,0.45,0.27,1.39
Herbs and spices,"Basil, dry, 0.5 g",14,0.77,0.89,0.12,3.37
Herbs and spices,"Cinnamon, 0.5 g",9,0.93,1.7,0,5.65
Herbs and spices,"Herbs and spices, unspecified, 0.5 g",22,1,0.44,0.03,1.94
Herbs and spices,"Cardamom, 0.5 g",5,1.1,0.64,0.11,2.14
Herbs and spices,"Peppermint, dry, 0.5 g",6,1.56,0.38,1.05,2.23
Herbs and spices,"Oak bark, dry, 0.5 g*",1,1.02,0,1.02,1.02
Herbs and spices,"Cumin, 0.5 g",7,1.41,0.86,0.8,3.47
Herbs and spices,"Pomegranate seed, 0.5 g*",1,1.05,0,1.05,1.05
Herbs and spices,"Marjoram, dry, 0.5 g",3,1.84,0.09,1.72,1.93
Herbs and spices,"Mace, 0.5 g*",1,1.3,0,1.3,1.3
Herbs and spices,"Curry leaves, 1.5 g*",1,1.4,0,1.4,1.4
Herbs and spices,"Omum, dry, 0.5 g*",1,1.48,0,1.48,1.48
Herbs and spices,"Nigella seeds, 0.5 g",5,2.13,0.33,1.57,2.48
Herbs and spices,"Bishop's weed, 0.5 g*",1,1.6,0,1.6,1.6
Herbs and spices,"Rosemary, fresh, 1.5 g",4,2.3,0.27,1.98,2.73
Herbs and spices,"Anise, 0.5 g*",1,1.99,0,1.99,1.99
Herbs and spices,"Anchovy paste, 15 g",4,2.16,1.29,0.38,3.6
Herbs and spices,"Parsley, fresh, 1.5 g",11,1.96,1.81,0.11,5.72
Herbs and spices,"Sage, dry, 0.5 g",2,3.19,0.24,2.95,3.44
Herbs and spices,"Oregano, dry, 0.5 g",5,2.38,2.1,0.2,5.3
Herbs and spices,"Thyme, dry, 0.5 g",6,2.81,1.59,0.5,4.97
Herbs and spices,"Lemon balm, 0.5 g*",1,3.01,0,3.01,3.01
Herbs and spices,"Pepper, black, 0.5 g",13,2.4,2.86,0.4,11.5
Herbs and spices,"Basil, fresh, 1.5 g",4,3.67,0.48,2.99,4.23
Herbs and spices,"Hot peppers, dried, 0.5 g",7,3.13,2.96,0.18,7.62
Herbs and spices,"Gourmet salt, 1 g",10,2.75,3.82,0.21,12.41
Herbs and spices,"Ramen noodle powder, 1.5 g*",1,4.95,0,4.95,4.95
Herbs and spices,"Oregano, fresh, 1.5 g",5,5.26,1.08,3.72,6.45
Herbs and spices,"Cayenne pepper, 0.5 g",3,5.83,4.06,2.19,11.5
Herbs and spices,"Fennel, dry, 0.5 g",3,5.55,5.45,1.43,13.25
Herbs and spices,"Savoury, dried, 0.5 g*",1,7.95,0,7.95,7.95
Herbs and spices,"Hot peppers, 40 g",10,10.48,3.33,5.6,16.4
Fats and oils,"Olive oil, 10 g",90,0.21,0.16,0.01,0.98
Fats and oils,"Cottonseed oil, 10 g",2,0.32,0.06,0.27,0.38
Fats and oils,"Lard, 10 g",4,0.35,0.14,0.1,0.43
Fats and oils,"Butter, 10 g",97,0.3,0.27,0.06,1.63
Fats and oils,"Almond oil, 10 g*",1,0.25,0,0.25,0.25
Fats and oils,"Corn oil, 10 g",9,0.34,0.3,0.02,1
Fats and oils,"Pumpkin seed oil, 10 g*",2,0.32,0,0.32,0.32
Fats and oils,"Grapeseed oil, 10 g",3,0.39,0.29,0.19,0.8
Fats and oils,"Palm oil, 10 g",2,0.42,0.32,0.1,0.73
Fats and oils,"Vegetable oils, unspecified, 10 g",81,0.35,0.49,0.02,3.29
Fats and oils,"Mustard oil, 10 g",4,0.54,0.27,0.27,0.96
Fats and oils,"Rice oil, 10 g",2,0.55,0.25,0.3,0.8
Fats and oils,"Hazelnut oil, 10 g",2,0.49,0.41,0.07,0.9
Fats and oils,"Sunflower oil, 10 g",26,0.5,0.49,0.02,2.4
Fats and oils,"Avocado oil, 10 g",11,0.64,0.42,0.14,1.4
Fats and oils,"Cocoa butter, 10 g",3,0.82,0.08,0.7,0.89
Fats and oils,"Peanut oil, 10 g",3,0.76,0.42,0.26,1.28
Fats and oils,"Soybean oil, 10 g",9,0.93,1.02,0.03,3.2
Fats and oils,"Coconut oil, 10 g",5,0.93,1.36,0.08,3.6
Fats and oils,"Canola/rapeseed oil , 10 g",12,1.2,1.27,0.2,4.2
Fats and oils,"Sesame oil, 10 g",3,1.54,1.03,0.75,3
Fats and oils,"Margarine, 10 g",138,1.36,2.74,0.02,18.31
Fats and oils,"Ghee, 10 g",13,6.57,6.72,1,20.34
Fats and oils,"Shortening, 10 g",7,11.9,7.26,4.21,23.79
Snacks and desserts,"Baba ganoush, 30 g*",1,0.35,0,0.35,0.35
Snacks and desserts,"Breadfruit, dried, 40 g*",1,0.48,0,0.48,0.48
Snacks and desserts,"Popsicle, 30 g",50,0.53,0.26,0.24,1.56
Snacks and desserts,"Pork rinds, 20 g",2,1.83,0.77,1.06,2.6
Snacks and desserts,"Gelatin dessert, 130 g",69,1.65,1.2,0.33,8
Snacks and desserts,"Vanilla ice cream or frozen yogurt, 129 g",159,1.97,1.26,0.46,12.9
Snacks and desserts,"Applesauce, 110 g",78,2.16,1.82,0.5,11
Snacks and desserts,"Chewing gum, 3 g",18,2.05,2.29,0.09,8.31
Snacks and desserts,"Graham crackers, 30 g",50,2.85,0.82,0.3,4.5
Snacks and desserts,"Sherbert/sorbet, 129 g",52,2.4,2.03,0.65,8.51
Snacks and desserts,"Raisins, yogurt candy coated, 40 g*",1,2.6,0,2.6,2.6
Snacks and desserts,"Pretzels, 50 g",51,3.74,1.56,0.4,8.25
Snacks and desserts,"Raisins, 40 g",74,3.34,2.42,0.4,14.12
Snacks and desserts,"Dried cherries, 40 g*",1,2.71,0,2.71,2.71
Snacks and desserts,"Dried mango, 40 g*",1,4.4,0,4.4,4.4
Snacks and desserts,"Banana chips, 40 g*",1,4.8,0,4.8,4.8
Snacks and desserts,"Cereal bar, rice, 35 g*",1,7.35,0,7.35,7.35
Snacks and desserts,"Dried strawberry, 40 g",3,7.16,4.33,3.83,13.28
Snacks and desserts,"Potato chips, 50 g",83,7.67,3.91,1.81,21.3
Snacks and desserts,"Dried currants, 40 g*",1,8.04,0,8.04,8.04
Snacks and desserts,"Cookies, not chocolate, 30 g",79,6.17,10.22,0.24,63.6
Snacks and desserts,"Vegetable chips, 50 g",8,9.28,5.45,1.6,17.65
Snacks and desserts,"Rice pudding, 130 g",6,9.36,5.64,2.73,16.25
Snacks and desserts,"Savoury crisps, 50 g",7,9.83,6.47,1,18.5
Snacks and desserts,"Pudding, not chocolate, 130 g",55,9.68,9.35,0.27,57.2
Snacks and desserts,"Corn chips, 50 g",60,10.33,2.55,5.25,16.05
Snacks and desserts,"Dried dates, 40 g",5,12.24,1.83,8.8,14
Snacks and desserts,"Snacks, corn-based, 50 g",4,13.65,2.94,8.6,16
Snacks and desserts,"Popcorn, 50 g",73,14.51,5.49,0.75,40.65
Snacks and desserts,"Dried blueberry, 40 g*",1,15.56,0,15.56,15.56
Snacks and desserts,"Dried pear, 40 g*",1,15.64,0,15.64,15.64
Snacks and desserts,"Dried rosehips, 40 g*",1,16,0,16,16
Snacks and desserts,"Cookies with nuts, 30 g",5,15.16,6.44,8.91,27.24
Snacks and desserts,"Dried mulberry, 40 g*",1,17.28,0,17.28,17.28
Snacks and desserts,"Cookies with chocolate, 30 g",130,16.71,7.49,0.3,68.7
Snacks and desserts,"Snacks, potato-based, 50 g*",1,19,0,19,19
Snacks and desserts,"Prunes, 40 g",4,21.45,3.66,16,24.8
Snacks and desserts,"Cereal bar, 35 g",62,21.63,8.25,3.22,45.5
Snacks and desserts,"Pudding, chocolate, 130 g",8,26.86,7,16.9,36.27
Snacks and desserts,"Cereal bar, with chocolate, 35 g",13,23.4,17.29,9.31,63.35
Snacks and desserts,"Ice cream desserts, 129 g",46,20.82,22.47,0.54,101.39
Snacks and desserts,"Dried cranberry, 40 g*",1,25.76,0,25.76,25.76
Snacks and desserts,"Dried pineapple, 40 g*",1,25.76,0,25.76,25.76
Snacks and desserts,"Dried apricots, 40 g",6,32.07,11.86,19.6,48
Snacks and desserts,"Cookies with chocolate and nuts, 40 g*",1,40,0,40,40
Snacks and desserts,"Dried raspberry, 40 g",2,40.5,9.9,30.6,50.4
Snacks and desserts,"Dried figs, 40 g",3,49.13,4.05,43.4,52
Snacks and desserts,"Chocolate ice cream, 129 g",28,49.74,9.29,28.38,64.5
Snacks and desserts,"Ice cream, non-dairy, 129 g",3,42.83,30.32,14.06,84.75
Snacks and desserts,"Dried fruit and nuts, 50 g",4,67.51,20.1,34.55,88.5
Snacks and desserts,"Snacks, bean-based, 50 g",3,69.67,44.17,25.5,130
Sugars and sweets,"Lactose powder, 1.4 g*",1,0.01,0,0.01,0.01
Sugars and sweets,"Xylitol, 1.4 g*",1,0.04,0,0.04,0.04
Sugars and sweets,"Sugar, white, 4 g",71,0.07,0.04,0,0.28
Sugars and sweets,"Fructose, 4 g*",2,0.12,0,0.12,0.12
Sugars and sweets,"Sugar, brown, 4 g",10,0.34,0.16,0.03,0.68
Sugars and sweets,"Corn/glucose syrup, 30 g*",1,0.6,0,0.6,0.6
Sugars and sweets,"Molasses, 20 g",2,1.01,0.99,0.02,2
Sugars and sweets,"Gummy candy, 40 g",8,1.53,1.44,0.24,4
Sugars and sweets,"Candy, 40 g",86,1.77,2.07,0.32,8.4
Sugars and sweets,"Sweetened evaporated milk, 30 g*",1,2.16,0,2.16,2.16
Sugars and sweets,"Syrup, not chocolate, 60 g",76,2.19,3.81,0.23,18
Sugars and sweets,"Honey, 20 g",120,2.32,3.84,0.01,18
Sugars and sweets,"White chocolate, 15 g",2,7.17,6.63,0.54,13.8
Sugars and sweets,"Marzipan, 30 g*",2,9.6,0,9.6,9.6
Sugars and sweets,"Malt syrup, 30 g*",1,12.72,0,12.72,12.72
Sugars and sweets,"Maple syrup, 60 g",4,17.4,1.02,16.14,18.72
Sugars and sweets,"Licorice, 40 g",5,16.72,9.43,4,27.2
Sugars and sweets,"Chocolate confections with nuts, 40 g",86,23.82,19.59,0.8,113.6
Sugars and sweets,"Confections with nuts, 50 g",3,29.25,20.15,1.5,48.75
Sugars and sweets,"Syrup, carob, 60 g*",1,33,0,33,33
Sugars and sweets,"Chocolate confections, 40 g",116,36.49,19.58,2.4,125.64
Sugars and sweets,"Syrup, chocolate , 60 g",56,54.12,15.51,1.68,79.44
Sugars and sweets,"Chocolate, 40 g",53,71.19,52.77,17.6,196
"Sauces, dips, condiments and spreads","Chili sauce,15 g",3,0.29,0.13,0.13,0.45
"Sauces, dips, condiments and spreads","Mayonnaise,15 g",79,0.3,0.2,0.02,1.5
"Sauces, dips, condiments and spreads","Hollandaise sauce,30 g",1,0.42,0,0.42,0.42
"Sauces, dips, condiments and spreads","Relish,15 g",1,0.45,0,0.45,0.45
"Sauces, dips, condiments and spreads","Mustard,5 g",57,0.52,0.21,0.01,1.08
"Sauces, dips, condiments and spreads","Fruit jelly,15 g",51,0.51,0.33,0.12,1.32
"Sauces, dips, condiments and spreads","Horseradish,5 g",5,1.17,0.41,0.55,1.5
"Sauces, dips, condiments and spreads","Chutney,15 g",2,1.23,1.02,0.22,2.25
"Sauces, dips, condiments and spreads","Ketchup,15 g",61,1.57,0.97,0.23,4.58
"Sauces, dips, condiments and spreads","Dips (dairy-based),30 g",64,1.32,2.17,0.02,13.71
"Sauces, dips, condiments and spreads","Fruit jams,15 g",55,1.45,2.3,0.09,13.89
"Sauces, dips, condiments and spreads","Barbecue sauce,15 g",28,2.13,0.99,0.75,4.5
"Sauces, dips, condiments and spreads","Bechamel sauce,125 g",11,1.5,2.3,0.37,8.53
"Sauces, dips, condiments and spreads","Sweet and sour sauce,30 g",52,2.51,1.49,0.23,8.07
"Sauces, dips, condiments and spreads","Oyster sauce,15 g",1,1.13,0,1.13,1.13
"Sauces, dips, condiments and spreads","Soy mayonnaise,15 g",2,4.28,2.32,1.97,6.6
"Sauces, dips, condiments and spreads","Teriyaki sauce,15 g",1,3.45,0,3.45,3.45
"Sauces, dips, condiments and spreads","Pad thai sauce,125 g",1,5.04,0,5.04,5.04
"Sauces, dips, condiments and spreads","Soy sauce,15 g",23,6.61,5.9,0.11,30.05
"Sauces, dips, condiments and spreads","Salsa,60 g",50,7.87,3.6,0.6,23.16
"Sauces, dips, condiments and spreads","Gravy,60 g",53,8.13,7.44,0.48,30.36
"Sauces, dips, condiments and spreads","Guacamole,30 g",2,9.38,7.28,2.1,16.65
"Sauces, dips, condiments and spreads","Dressings,30 g",170,5.29,26.98,0.04,213
"Sauces, dips, condiments and spreads","Hummus / pulse dips,30 g",20,12.21,7.69,2.72,32.7
"Sauces, dips, condiments and spreads","Chocolate hazelnut spread,15 g",2,17.45,0.95,16.5,18.39
"Sauces, dips, condiments and spreads","Curry sauce,125 g",4,14.66,9.73,4.93,25
"Sauces, dips, condiments and spreads","Tartar sauce,30 g",3,15.4,20.93,0.53,45
"Sauces, dips, condiments and spreads","Pesto,60 g",11,26.19,23.83,1.19,81
"Sauces, dips, condiments and spreads","Satay sauce,125 g",1,50,0,50,50
Miscellaneous,"Vanilla extract, 1 g",15,0.02,0.03,0,0.14
Miscellaneous,"Yeast, 0.6 g",19,0.1,0.06,0.04,0.27
Miscellaneous,"Emulsifer, 1.5 g",2,0.2,0.12,0.08,0.33
Miscellaneous,"Tempura batter, 30 g*",1,0.22,0,0.22,0.22
Miscellaneous,"Nutritional yeast, 5 g*",1,0.5,0,0.5,0.5
Miscellaneous,"Baking powder, 0.6 g",20,0.75,0.56,0.08,1.94
Miscellaneous,"Vinegar, 15 g",8,0.84,0.62,0.11,1.95
Miscellaneous,"Agar, 0.6 g",2,1,0.2,0.81,1.2
Miscellaneous,"Baking soda, 0.6 g",3,1.02,0.5,0.4,1.62
Miscellaneous,"Barley malt, dried, 5 g*",1,2.65,0,2.65,2.65
Miscellaneous,"Tomato sauce, 60 g",63,6.15,2.28,2.13,12
Miscellaneous,"Bouillon powder, 6 g",10,5.95,3.83,0.12,9
Miscellaneous,"Vekao powder, 5 g*",1,6.9,0,6.9,6.9
Miscellaneous,"Broth, 250 g",17,9.58,3.59,5,19
Miscellaneous,"Tomato paste, 30 g",15,10.38,4.68,6,22.2
Miscellaneous,"Carob flour, 5 g*",1,10.6,0,10.6,10.6
Miscellaneous,"Protein powder, 30 g",22,15.91,13.67,3,48
Miscellaneous,"Cocoa mass, 5 g",2,28.98,0.38,28.6,29.35
Miscellaneous,"Coconut, dried, 15 g",8,24.45,13.52,2.25,42.6
Miscellaneous,"Cocoa powder, 5 g",15,50.9,13.54,27,85